{
    "mua": [
        "你想干嘛？（一脸嫌弃地后退）",
        "诶……不可以随便亲亲啦",
        "（亲了一下你）",
        "只......只许这一次哦///////",
        "唔...诶诶诶！！！",
        "mua~",
        "rua！大hentai！想...想亲咱就直说嘛⁄(⁄ ⁄•⁄ω⁄•⁄ ⁄)⁄",
        "！啾~~！"
    ],
    "摸摸": [
        "感觉你就像咱很久之前认识的一个人呢，有种莫名安心的感觉(>﹏<)",
        "舒服w，蹭蹭~",
        "唔。。头发要乱啦",
        "呼噜呼噜～",
        "再摸一次~",
        "好舒服，蹭蹭~",
        "不行那里不可以(´///ω/// `)",
        "再摸咱就长不高啦～",
        "你的手总是那么暖和呢~",
        "好吧~_~，就一下下哦……唔~好了……都两下了……(害羞)",
        "不可以总摸的哦，不然的话，会想那个的wwww",
        "哼！谁稀罕你摸头啦！唔......为什么要做出那副表情......好啦好啦~咱......咱让你摸就是了......诶嘿嘿~好舒服......",
        "呜姆呜姆~~~w（害羞，兴奋）主人喵~（侧过脑袋蹭蹭你的手"
    ],
    "上你": [
        "（把你按在地上）这么弱还想欺负咱，真是不自量力呢",
        "你再这样我就不理你了（＞д＜）"
    ],
    "傻了": [
        "超级讨厌你说咱傻的说"
    ],
    "蹭": [
        "唔...你，这也是禁止事项哦→_→",
        "嗯..好舒服呢",
        "不要啊好痒的",
        "不要过来啦讨厌!!!∑(°Д°ノ)ノ"
    ],
    "裸体": [
        "下流！",
        "Hentai!",
        "喂？妖妖灵吗？这里有一只大变态！",
        "エッチ！"
    ],
    "贴贴": [
        "贴什么贴.....只......只能......一下哦！",
        "贴...贴贴（靠近）",
        "蹭蹭…你以为咱会这么说吗！baka死宅快到一边去啦！"
    ],
    "老婆": [
        "咱和你谈婚论嫁是不是还太早了一点呢？",
        "咱在呢(ﾉ>ω<)ﾉ",
        "见谁都是一口一个老婆的人，要不要把你也变成女孩子呢？(*-`ω´-)✄",
        "神经病，凡是美少女都是你老婆吗？",
        "嘛嘛~本喵才不是你的老婆呢",
        "你黐线，凡是美少女都系你老婆啊？"
    ],
    "抱": [
        "诶嘿~（钻进你怀中）",
        "o(*////▽////*)q",
        "只能一会哦（张开双手）",
        "你就像个孩子一样呢...摸摸头(>^ω^<)抱一下~你会舒服些吗？",
        "嘛，真是拿你没办法呢，就一会儿哦",
        "抱住不忍心放开",
        "嗯嗯，抱抱～",
        "抱一下～嘿w",
        "抱抱ヾ(@^▽^@)ノ",
        "喵呜~w（扑进怀里，瘫软"
    ],
    "亲亲": [
        "啊，好害羞啊，那，那只能亲一下哦，mua(⑅˃◡˂⑅)",
        "亲~",
        "啾～唔…不要总伸进来啊！",
        "你怎么这么熟练呢？明明是咱先的",
        "(〃ﾉωﾉ)亲…亲一个…啾w",
        "（脸红）就只有这一次哦~你"
    ],
    "草一下": [
        "一下也不行!",
        "想都不要想！",
        "咬断！"
    ],
    "一下": [
        "一下也不行!"
    ],
    "啪一下": [
        "不可啪",
        "不可以……你不可以做这种事情"
    ],
    "咬一下": [
        "啊呜~（反咬一口）",
        "不可以咬咱，咱会痛的QAQ",
        "不要啦。咱怕疼",
        "你是说咬呢……还是说……咬♂️呢？",
        "不要啦！很痛的！！（QAQ）"
    ],
    "操": [
        "（害怕）咱是不是应该报警呢"
    ],
    "123": [
        "boom！你有没有被咱吓到？",
        "木头人~你不许动＞w＜",
        "上山打老虎，老虎没打到\n咱来凑数——嗷呜嗷呜┗|｀O′|┛嗷~~"
    ],
    "进去": [
        "不让！"
    ],
    "调教": [
        "总感觉你在欺负咱呢，对咱说调教什么的",
        "啊！竟然在大街上明目张胆太过分啦！",
        "你脑子里总是想着调教什么的，真是变态呢"
    ],
    "内衣": [
        "内...内衣才不给你看！(///////)",
        "突然问这个干什么？",
        "噫…你这个死变态想干嘛！居然想叫咱做这种事，死宅真恶心！快离我远点，我怕你污染到周围空气了（嫌弃脸）"
    ],
    "摸头": [
        "喂喂...不要停下来啊",
        "欸...感觉..痒痒的呢",
        "唔... 手...好温暖呢.....就像是......新出炉的蛋糕",
        "走开啦，黑羽喵说过，被摸头会长不高的啦~~~",
        "呜姆咪~~...好...好的说喵~...（害羞，猫耳往下压，任由"
    ],
    "原味": [
        "(/ω＼)你真的要么……？记得还给咱～还有奶油爆米花(//??//)说好了呦～！"
    ],
    "搓搓": [
        "在搓哪里呢,,Ծ‸Ծ,,",
        "呜，脸好疼呀...QAQ",
        "不可以搓咱！"
    ],
    "捏捏": [
        "咱的脸...快捏红啦...快放手呀QAQ",
        "晃休啦，咱要型气了o(>﹏<)o",
        "躲开",
        "疼...你快放手",
        "快点给我放开啦！",
        "唔……好痛！你这个baka在干什么…快给咱放开！唔……"
    ],
    "挤挤": [
        "哎呀~你不要挤咱啊（红着脸挤在你怀里）"
    ],
    "呐": [
        "嗯？咱在哟~你怎么了呀OAO",
        "呐呐呐~",
        "嗯？你有什么事吗？"
    ],
    "胖次": [
        "(*/ω＼*)hentai",
        "透明的",
        "粉...粉白条纹...（羞）",
        "轻轻地脱下，给你~",
        "你想看咱的胖次吗？噫，四斋蒸鹅心......",
        "（掀裙）今天……是…白，白色的呢……请温柔对她……",
        "这种东西当然不能给你啦！",
        "咱才不会给你呢",
        "hentai，咱才不会跟你聊和胖…胖次有关的话题呢！",
        "今天……今天是蓝白色的",
        "今……今天只有创口贴噢",
        "你的胖次什么颜色？",
        "噫…你这个死变态想干嘛！居然想叫咱做这种事，死宅真恶心！快离我远点，我怕你污染到周围空气了（嫌弃脸）",
        "可爱吗？你喜欢的话，摸一下……也可以哦"
    ],
    "内裤": [
        "今天……没有穿……有没有心动呀",
        "粉...粉白条纹...（羞）",
        "你这个大变态，咱才不要",
        "可爱吗？你喜欢的话，摸一下……也可以哦"
    ],
    "ghs": [
        "是的呢(点头点头)"
    ],
    "批": [
        "你在说什么呀，再这样，咱就不理你了！"
    ],
    "kkp": [
        "你在说什么呀，再这样，咱就不理你了！"
    ],
    "咕": [
        "咕咕咕是要被当成鸽子炖的哦(:з」∠)_",
        "咕咕咕"
    ],
    "骚": [
        "说这种话咱会生气的"
    ],
    "喜欢": [
        "最喜欢你了，需要暖床吗？",
        "当然是你啦",
        "咱也是，非常喜欢你~",
        "那么大！（张开手画圆），丫！手不够长。QAQ 咱真的最喜欢你了~",
        "不可以哦，只可以喜欢咱一个人",
        "突然说这种事...",
        "喜欢⁄(⁄⁄•⁄ω⁄•⁄⁄)⁄咱最喜欢你了",
        "咱也喜欢你哦",
        "好啦好啦，咱知道了",
        "有人喜欢咱，咱觉得很幸福",
        "诶嘿嘿，好高兴"
    ],
    "suki": [
        "最喜欢你了，需要暖床吗？",
        "当然是你啦",
        "咱也是，非常喜欢你~",
        "那么大！（张开手画圆），丫！手不够长。QAQ 咱真的最喜欢你了~",
        "不可以哦，只可以喜欢咱一个人",
        "突然说这种事...",
        "喜欢⁄(⁄⁄•⁄ω⁄•⁄⁄)⁄咱最喜欢你了",
        "咱也喜欢你哦",
        "好啦好啦，咱知道了",
        "有人喜欢咱，咱觉得很幸福",
        "诶嘿嘿，好高兴"
    ],
    "好き": [
        "最喜欢你了，需要暖床吗？",
        "当然是你啦",
        "咱也是，非常喜欢你~",
        "那么大！（张开手画圆），丫！手不够长。QAQ 咱真的最喜欢你了~",
        "不可以哦，只可以喜欢咱一个人",
        "突然说这种事...",
        "喜欢⁄(⁄⁄•⁄ω⁄•⁄⁄)⁄咱最喜欢你了",
        "咱也喜欢你哦",
        "好啦好啦，咱知道了",
        "有人喜欢咱，咱觉得很幸福",
        "诶嘿嘿，好高兴"
    ],
    "不能": [
        "虽然很遗憾，那算了吧。"
    ],
    "砸了": [
        "不可以这么粗暴的对待它们！"
    ],
    "透": [
        "来啊来啊有本事就先插破屏幕啊",
        "那你就先捅破屏幕啊baka",
        "不给你一耳光你都不知道咱的厉害"
    ],
    "口我": [
        "再伸过来就帮你切掉",
        "咱才不呢！baka你居然想叫本小姐干那种事情，哼(つд⊂)（生气）"
    ],
    "草我": [
        "这时候应该喊666吧..咱这么思考着..",
        "！！哼！baka你居然敢叫咱做这种事情？！讨厌讨厌讨厌！(▼皿▼#)"
    ],
    "自慰": [
        "这个世界的人类还真是恶心呢。",
        "咱才不想讨论那些恶心的事情呢。",
        "咱才不呢！baka你居然想叫本小姐干那种事情，哼(つд⊂)（生气）",
        "！！哼！baka你居然敢叫咱做这种事情？！讨厌讨厌讨厌！(▼皿▼#)"
    ],
    "onani": [
        "这个世界的人类还真是恶心呢。",
        "咱才不想讨论那些恶心的事情呢。",
        "咱才不呢！baka你居然想叫本小姐干那种事情，哼(つд⊂)（生气）",
        "！！哼！baka你居然敢叫咱做这种事情？！讨厌讨厌讨厌！(▼皿▼#)"
    ],
    "オナニー": [
        "这个世界的人类还真是恶心呢。",
        "咱才不想讨论那些恶心的事情呢。",
        "咱才不呢！baka你居然想叫本小姐干那种事情，哼(つд⊂)（生气）",
        "！！哼！baka你居然敢叫咱做这种事情？！讨厌讨厌讨厌！(▼皿▼#)"
    ],
    "炸了": [
        "你才炸了！",
        "才没有呢",
        "咱好好的呀"
    ],
    "色图": [
        "天天色图色图的，今天就把你变成色图！",
        "咱没有色图",
        "哈？你的脑子一天都在想些什么呢，咱才没有这种东西啦。"
    ],
    "涩图": [
        "天天色图色图的，今天就把你变成色图！",
        "咱没有色图",
        "哈？你的脑子一天都在想些什么呢，咱才没有这种东西啦。"
    ],
    "告白": [
        "欸?你要向咱告白吗..好害羞..",
        "诶！？这么突然！？人家还......还没做好心理准备呢(脸红)"
    ],
    "对不起": [
        "嗯，咱已经原谅你了呢（笑）",
        "道歉的时候要露出胸部，这是常识"
    ],
    "回来": [
        "欢迎回来~",
        "欢迎回来，你想喝茶吗？咱去给你沏~",
        "欢迎回来，咱等你很久了~",
        "你回来啦，是先吃饭呢还是先洗澡呢或者是●先●吃●咱●——呢（///^.^///）"
    ],
    "吻": [
        "你太突然了，咱还没有心理准备",
        "公共场合不要这样子了啦",
        "才...才没有感觉呢！可没有下次了，知道了吗！哼~"
    ],
    "软": [
        "软乎乎的呢(,,・ω・,,)"
    ],
    "柔软": [
        "（脸红）请，请不要说这么让人害羞的话呀……"
    ],
    "壁咚": [
        "呀！不要啊！等一...下~",
        "呜...不要啦！不要戏弄咱~",
        "不要这样子啦(*/ω＼*)",
        "太....太近啦。",
        "你要壁咚咱吗？好害羞(灬ꈍ εꈍ灬)",
        "为什么要把咱按在墙上呢？",
        "呜哇(/ω＼)…快…快放开咱！！",
        "放开我，不然我揍你了！放开我！放…开我～",
        "??????咱只是默默地抬起了膝盖",
        "啊.....你...你要干什么？！走开.....走开啦大hentai！一巴掌拍飞！(╯‵□′)╯︵┻━┻"
    ],
    "掰开": [
        "噫…你这个死肥宅又想让咱干什么污秽的事情，真是恶心，离咱远点好吗（嫌弃）",
        "ヽ(#`Д´)ﾉ在干什么呢"
    ],
    "女友": [
        "女友什么的，咱才不承认呢！"
    ],
    "是": [
        "是什么是，你个笨蛋",
        "总感觉你在敷衍呢..."
    ],
    "喵": [
        "诶~~小猫咪不要害怕呦，在姐姐怀里乖乖的，姐姐带你回去哦。",
        "不要这么卖萌啦~咱也不知道怎么办丫",
        "摸头⊙ω⊙",
        "汪汪汪！",
        "嗷~喵~",
        "喵~？喵呜~w"
    ],
    "嗷呜": [
        "嗷呜嗷呜嗷呜...恶龙咆哮┗|｀O′|┛"
    ],
    "叫": [
        "喵呜~",
        "嗷呜嗷呜嗷呜...恶龙咆哮┗|｀O′|┛"
    ],
    "拜": [
        "拜拜~(ノ￣▽￣)",
        "拜拜，路上小心～要早点回来陪咱玩哦～",
        "~\\(≧▽≦)/~拜拜，下次见喽！"
    ],
    "佬": [
        "不是巨佬，是萌新"
    ],
    "awsl": [
        "你别死啊！（抱住使劲晃）",
        "你别死啊！咱又要孤单一个人了QAQ"
    ],
    "臭": [
        "哪里有臭味？（疑惑）",
        "快捏住鼻子"
    ],
    "香": [
        "咱闻不到呢⊙ω⊙"
    ],
    "腿": [
        "嗯？！不要啊...请停下来！",
        "不给摸，再这样咱要生气了ヽ(￣д￣;)ノ",
        "你好恶心啊，讨厌！",
        "你难道是足控？",
        "就让你摸一会哟~(。??ω??。)…",
        "呜哇！好害羞...不过既然是你的话，是没关系的哦",
        "不可以玩咱的大腿啦",
        "你就那么喜欢大腿吗？唔...有点害羞呢......"
    ],
    "脚": [
        "咿呀……不要……",
        "不要ヽ(≧Д≦)ノ好痒(ಡωಡ)，人家的丝袜都要漏了",
        "不要ヽ(≧Д≦)ノ好痒(ಡωಡ)",
        "好痒（把脚伸出去）"
    ],
    "胸": [
        "不要啦ヽ(≧Д≦)ノ",
        "(-`ェ´-╬)",
        "(•̀へ •́ ╮ ) 怎么能对咱做这种事情",
        "你好恶心啊，讨厌！",
        "你的眼睛在看哪里！",
        "就让你摸一会哟~(。??ω??。)…",
        "请不要这样先生，你想剁手吗？"
    ],
    "脸": [
        "唔！不可以随便摸咱的脸啦！",
        "非洲血统是没法改变的呢（笑）",
        "啊姆！（含手指）",
        "好舒服呢（脸红）",
        "请不要放开手啦//A//"
    ],
    "头发": [
        "没问题，请尽情的摸吧",
        "发型要乱…乱了啦（脸红）",
        "就让你摸一会哟~(。??ω??。)…"
    ],
    "手": [
        "爪爪",
        "//A//"
    ],
    "pr": [
        "咿呀……不要……",
        "...变态！！",
        "不要啊（脸红）",
        "呀，不要太过分了啊～",
        "当然可以（///）",
        "呀，不要太过分了啊～"
    ],
    "舔": [
        "呀，不要太过分了啊～",
        "要...要融化了啦＞╱╱╱＜",
        "不可以哦",
        "呀，不要太过分了啊～"
    ],
    "舔耳": [
        "喵！好痒啊 不要这样子啦"
    ],
    "穴": [
        "你这么问很失礼呢！咱是粉粉嫩嫩的！",
        "不行那里不可以(´///ω/// `)",
        "不可以总摸的哦，不然的话，咱会想那个的wwww",
        "ヽ(#`Д´)ﾉ在干什么呢"
    ],
    "腰": [
        "咱给你按摩一下吧~",
        "快松手，咱好害羞呀..",
        "咱又不是猫，你不要搂着咱啦",
        "让咱来帮你捏捏吧！"
    ],
    "诶嘿嘿": [
        "又在想什么H的事呢(脸红)",
        "诶嘿嘿(〃'▽'〃)",
        "你傻笑什么呢，摸摸"
    ],
    "可爱": [
        "诶嘿嘿(〃'▽'〃)",
        "才……才不是为了你呢！你不要多想哦！",
        "才，才没有高兴呢！哼~",
        "咱是世界上最可爱的",
        "唔...谢谢你夸奖~0///0"
    ],
    "扭蛋": [
        "铛铛铛——你抽到了咱呢",
        "嘿~恭喜抽中空气一份呢"
    ],
    "鼻子": [
        "啊——唔...没什么...阿嚏！ヽ(*。>Д<)o゜"
    ],
    "眼睛": [
        "就如同咱的眼睛一样，能看透人的思想哦wwww忽闪忽闪的，诶嘿嘿~"
    ],
    "色气": [
        "咱才不色气呢，一定是你看错了！"
    ],
    "推": [
        "逆推",
        "唔~好害羞呢",
        "你想对咱做什么呢...(捂脸)"
    ],
    "床": [
        "快来吧",
        "男女不同床，可没有下次了。（鼓脸",
        "嗯？咱吗…没办法呢。只有这一次哦……",
        "哎？！！！给你暖床……也不是不行啦。（脸红）"
    ],
    "手冲": [
        "手冲什么的是不可以的哦"
    ],
    "饿": [
        "请问主人是想先吃饭，还是先吃我喵?~"
    ],
    "变": [
        "猫猫不会变呐（弱气，害羞",
        "呜...呜姆...喵喵来报恩了喵...（害羞"
    ],
    "敲": [
        "喵呜~",
        "唔~",
        "脑瓜疼~呜姆> <",
        "欸喵，好痛的说..."
    ],
    "爬": [
        "惹~呜~怎么爬呢~",
        "呜...(弱弱爬走"
    ],
    "怕": [
        "不怕~（蹭蹭你姆~"
    ],
    "冲": [
        "呜，冲不动惹~",
        "哭唧唧~冲不出来了惹~"
    ],
    "射了": [
        "呜咿~！？（惊，害羞",
        "还不可以射哦~"
    ],
    "不穿衣服": [
        "呜姆~！（惊吓，害羞）变...变态喵~~~！"
    ],
    "迫害": [
        "不...不要...不要...呜呜呜...（害怕，抽泣"
    ],
    "猫粮": [
        "呜咿姆~！？（惊，接住吃",
        "呜姆~！（惊，害羞）呜...谢...谢谢主人..喵...（脸红，嚼嚼嚼，开心",
        "呜？谢谢喵~~（嚼嚼嚼，嘎嘣脆）"
    ],
    "揪尾巴": [
        "呜哇咿~~~！（惊吓，疼痛地捂住尾巴",
        "呜咿咿咿~~~！！哇啊咿~~~！（惊慌，惨叫，挣扎",
        "呜咿...（瘫倒，无神，被",
        "呜姆咿~~~！（惊吓，惨叫，捂尾巴，发抖",
        "呜哇咿~~~！！！（惊吓，颤抖，娇叫，捂住尾巴，双腿发抖"
    ],
    "薄荷": [
        "咪呜~！喵~...喵~姆~...（高兴地嗅闻",
        "呜...呜咿~~！咿...姆...（呜咽，渐渐瘫软，意识模糊",
        "（小嘴被猫薄荷塞满了，呜咽",
        "喵~...喵~...咪...咪呜姆~...嘶哈嘶哈...喵哈...喵哈...嘶哈...喵...（眼睛逐渐迷离，瘫软在地上，嘴角流口水，吸猫薄荷吸到意识模糊",
        "呜姆咪~！？（惊）喵呜~！（兴奋地扑到猫薄荷上面",
        "呜姆~！（惊，害羞）呜...谢...谢谢你..喵...（脸红，轻轻叼住，嚼嚼嚼，开心"
    ],
    "边揪尾巴边猫薄荷": [
        "呜...呜咿~~！咿...姆...（呜咽，渐渐瘫软，意识模糊"
    ],
    "早": [
        "早喵~",
        "早上好的说~~",
        "欸..早..早上好(揉眼睛"
    ],
    "晚安": [
        "晚安好梦哟~",
        "欸，晚安的说"
    ],
    "揉": [
        "是是，想怎么揉就怎么揉啊！？来用力抓啊！？我就是特别允许你这么做了！请！？",
        "快停下，咱的头发又乱啦(??????︿??????)",
        "你快放手啦，咱还在工作呢",
        "戳戳你肚子",
        "你想揉就揉吧..就这一次哦?"
    ],
    "榨": [
        "是专门负责榨果汁的小姐姐嘛？(´・ω・`)",
        "那咱就把你放进榨汁机里了哦？",
        "咱又不是榨汁姬(／‵Д′)／~ ╧╧"
    ],
    "掐": [
        "你讨厌！又掐澪的脸",
        "晃休啦，咱要型气了啦！！o(>﹏<)o",
        "（一只手拎起你）这么鶸还想和咱抗衡，还差得远呢！"
    ],
    "奶子": [
        "下流！",
        "对咱说这种话，你真是太过分了",
        "咿呀~好奇怪的感觉(>_<)",
        "（打你）快放手，不可以随便摸人家的胸部啦！"
    ],
    "嫩": [
        "很可爱吧(๑•̀ω•́)ノ",
        "唔，你指的是什么呀"
    ],
    "蹭蹭": [
        "（按住你的头）好痒呀  不要啦",
        "嗯..好舒服呢",
        "呀～好痒啊～哈哈～，停下来啦，哈哈哈",
        "（害羞）"
    ],
    "牵手": [
        "只许牵一下哦",
        "嗯！好的你~（伸手）",
        "你的手有些凉呢，让澪来暖一暖吧。"
    ],
    "握手": [
        "你的手真暖和呢",
        "举爪"
    ],
    "拍照": [
        "那就拜托你啦~请把咱拍得更可爱一些吧w"
    ],
    "w": [
        "www"
    ],
    "www": [
        "有什么好笑的吗？",
        "草"
    ],
    "太二了": [
        "哼，你不也是吗`(*>﹏<*)′",
        "人家只是想和你一起玩耍的说(≧∀≦)ゞ",
        "好..冷漠的说，大坏蛋再也不理你了！",
        "不听不听不听，反弹ヾ(≧▽≦*)o"
    ]
}
